{
    "sport": {
        "game": 0.35727414648708805,
        "england": 0.31907434737608514,
        "win": 0.30741067997068455
    },
    "business": {
        "firm": 0.2891252868078186,
        "bank": 0.2697288199539767,
        "market": 0.2616290834155383
    },
    "tech": {
        "mobil": 0.3462714837303001,
        "phone": 0.3319065027131584,
        "softwar": 0.3152238172837377
    },
    "entertainment": {
        "film": 0.7216412939111394,
        "award": 0.4106447057087541,
        "star": 0.40803563438879187
    },
    "politics": {
        "labour": 0.45105036714182084,
        "elect": 0.4313731783204545,
        "mr": 0.42043597469422206
    }
}